pin,bank,site,tile,pin_function
A10,15,IOB_X0Y81,LIOB33_X0Y81,IO_L9N_T1_DQS_AD11N_15
A11,15,IOB_X0Y78,LIOB33_X0Y77,IO_L11P_T1_SRCC_AD12P_15
A12,15,IOB_X0Y77,LIOB33_X0Y77,IO_L11N_T1_SRCC_AD12N_15
A13,15,IOB_X0Y76,LIOB33_X0Y75,IO_L12P_T1_MRCC_AD5P_15
A14,15,IOB_X0Y75,LIOB33_X0Y75,IO_L12N_T1_MRCC_AD5N_15
A2,34,IOB_X1Y45,RIOB33_X31Y45,IO_L2N_T0_34
A3,34,IOB_X1Y47,RIOB33_X31Y47,IO_L1N_T0_34
A4,34,IOB_X1Y48,RIOB33_X31Y47,IO_L1P_T0_34
A5,15,IOB_X0Y90,LIOB33_X0Y89,IO_L5P_T0_AD2P_15
A6,15,IOB_X0Y89,LIOB33_X0Y89,IO_L5N_T0_AD2N_15
A7,15,IOB_X0Y93,LIOB33_X0Y93,IO_L3N_T0_DQS_AD1N_15
A8,15,IOB_X0Y88,LIOB33_X0Y87,IO_L6P_T0_15
A9,15,IOB_X0Y87,LIOB33_X0Y87,IO_L6N_T0_VREF_15
B1,34,IOB_X1Y41,RIOB33_X31Y41,IO_L4N_T0_34
B10,15,IOB_X0Y83,LIOB33_X0Y83,IO_L8N_T1_AD3N_15
B11,15,IOB_X0Y80,LIOB33_X0Y79,IO_L10P_T1_AD4P_15
B12,15,IOB_X0Y79,LIOB33_X0Y79,IO_L10N_T1_AD4N_15
B13,15,IOB_X0Y74,LIOB33_X0Y73,IO_L13P_T2_MRCC_15
B14,15,IOB_X0Y73,LIOB33_X0Y73,IO_L13N_T2_MRCC_15
B15,15,IOB_X0Y71,LIOB33_X0Y71,IO_L14N_T2_SRCC_15
B2,34,IOB_X1Y46,RIOB33_X31Y45,IO_L2P_T0_34
B3,34,IOB_X1Y43,RIOB33_X31Y43,IO_L3N_T0_DQS_34
B4,34,IOB_X1Y44,RIOB33_X31Y43,IO_L3P_T0_DQS_34
B5,34,IOB_X1Y39,RIOB33_X31Y39,IO_L5N_T0_34
B6,15,IOB_X0Y94,LIOB33_X0Y93,IO_L3P_T0_DQS_AD1P_15
B9,15,IOB_X0Y82,LIOB33_X0Y81,IO_L9P_T1_DQS_AD11P_15
C1,34,IOB_X1Y42,RIOB33_X31Y41,IO_L4P_T0_34
C10,15,IOB_X0Y84,LIOB33_X0Y83,IO_L8P_T1_AD3P_15
C13,15,IOB_X0Y70,LIOB33_X0Y69,IO_L15P_T2_DQS_15
C14,15,IOB_X0Y69,LIOB33_X0Y69,IO_L15N_T2_DQS_15
C15,15,IOB_X0Y72,LIOB33_X0Y71,IO_L14P_T2_SRCC_15
C4,34,IOB_X1Y35,RIOB33_X31Y35,IO_L7N_T1_34
C5,34,IOB_X1Y40,RIOB33_X31Y39,IO_L5P_T0_34
C6,15,IOB_X0Y98,LIOB33_X0Y97,IO_L1P_T0_AD0P_15
C7,15,IOB_X0Y97,LIOB33_X0Y97,IO_L1N_T0_AD0N_15
C8,15,IOB_X0Y92,LIOB33_X0Y91,IO_L4P_T0_AD9P_15
C9,15,IOB_X0Y91,LIOB33_X0Y91,IO_L4N_T0_AD9N_15
D1,34,IOB_X1Y37,RIOB33_X31Y37,IO_L6N_T0_VREF_34
D10,15,IOB_X0Y85,LIOB33_X0Y85,IO_L7N_T1_AD10N_15
D11,15,IOB_X0Y99,LIOB33_SING_X0Y99,IO_0_15
D12,15,IOB_X0Y68,LIOB33_X0Y67,IO_L16P_T2_15
D13,15,IOB_X0Y67,LIOB33_X0Y67,IO_L16N_T2_15
D15,15,IOB_X0Y61,LIOB33_X0Y61,IO_L19N_T3_VREF_15
D2,34,IOB_X1Y38,RIOB33_X31Y37,IO_L6P_T0_34
D3,34,IOB_X1Y31,RIOB33_X31Y31,IO_L9N_T1_DQS_34
D4,34,IOB_X1Y36,RIOB33_X31Y35,IO_L7P_T1_34
D7,15,IOB_X0Y96,LIOB33_X0Y95,IO_L2P_T0_AD8P_15
D8,15,IOB_X0Y95,LIOB33_X0Y95,IO_L2N_T0_AD8N_15
D9,15,IOB_X0Y86,LIOB33_X0Y85,IO_L7P_T1_AD10P_15
E1,34,IOB_X1Y33,RIOB33_X31Y33,IO_L8N_T1_34
E11,15,IOB_X0Y65,LIOB33_X0Y65,IO_L17N_T2_15
E12,15,IOB_X0Y64,LIOB33_X0Y63,IO_L18P_T2_15
E13,15,IOB_X0Y63,LIOB33_X0Y63,IO_L18N_T2_15
E14,15,IOB_X0Y62,LIOB33_X0Y61,IO_L19P_T3_15
E15,15,IOB_X0Y57,LIOB33_X0Y57,IO_L21N_T3_DQS_15
E2,34,IOB_X1Y34,RIOB33_X31Y33,IO_L8P_T1_34
E3,34,IOB_X1Y32,RIOB33_X31Y31,IO_L9P_T1_DQS_34
F1,34,IOB_X1Y29,RIOB33_X31Y29,IO_L10N_T1_34
F11,15,IOB_X0Y66,LIOB33_X0Y65,IO_L17P_T2_15
F14,15,IOB_X0Y58,LIOB33_X0Y57,IO_L21P_T3_DQS_15
F15,15,IOB_X0Y59,LIOB33_X0Y59,IO_L20N_T3_15
F2,34,IOB_X1Y30,RIOB33_X31Y29,IO_L10P_T1_34
F3,34,IOB_X1Y27,RIOB33_X31Y27,IO_L11N_T1_SRCC_34
F4,34,IOB_X1Y28,RIOB33_X31Y27,IO_L11P_T1_SRCC_34
G1,34,IOB_X1Y25,RIOB33_X31Y25,IO_L12N_T1_MRCC_34
G11,15,IOB_X0Y54,LIOB33_X0Y53,IO_L23P_T3_15
G12,15,IOB_X0Y53,LIOB33_X0Y53,IO_L23N_T3_15
G13,15,IOB_X0Y56,LIOB33_X0Y55,IO_L22P_T3_15
G14,15,IOB_X0Y55,LIOB33_X0Y55,IO_L22N_T3_15
G15,15,IOB_X0Y60,LIOB33_X0Y59,IO_L20P_T3_15
G4,34,IOB_X1Y49,RIOB33_SING_X31Y49,IO_0_34
H1,34,IOB_X1Y26,RIOB33_X31Y25,IO_L12P_T1_MRCC_34
H11,15,IOB_X0Y50,LIOB33_SING_X0Y50,IO_25_15
H12,15,IOB_X0Y52,LIOB33_X0Y51,IO_L24P_T3_RS1_15
H13,15,IOB_X0Y51,LIOB33_X0Y51,IO_L24N_T3_RS0_15
H14,14,IOB_X0Y48,LIOB33_X0Y47,IO_L1P_T0_D00_MOSI_14
H15,14,IOB_X0Y47,LIOB33_X0Y47,IO_L1N_T0_D01_DIN_14
H2,34,IOB_X1Y21,RIOB33_X31Y21,IO_L14N_T2_SRCC_34
H3,34,IOB_X1Y23,RIOB33_X31Y23,IO_L13N_T2_MRCC_34
H4,34,IOB_X1Y24,RIOB33_X31Y23,IO_L13P_T2_MRCC_34
J1,34,IOB_X1Y17,RIOB33_X31Y17,IO_L16N_T2_34
J11,14,IOB_X0Y49,LIOB33_SING_X0Y49,IO_0_14
J12,14,IOB_X0Y46,LIOB33_X0Y45,IO_L2P_T0_D02_14
J15,14,IOB_X0Y40,LIOB33_X0Y39,IO_L5P_T0_D06_14
J2,34,IOB_X1Y22,RIOB33_X31Y21,IO_L14P_T2_SRCC_34
J3,34,IOB_X1Y19,RIOB33_X31Y19,IO_L15N_T2_DQS_34
J4,34,IOB_X1Y20,RIOB33_X31Y19,IO_L15P_T2_DQS_34
K1,34,IOB_X1Y18,RIOB33_X31Y17,IO_L16P_T2_34
K11,14,IOB_X0Y44,LIOB33_X0Y43,IO_L3P_T0_DQS_PUDC_B_14
K12,14,IOB_X0Y43,LIOB33_X0Y43,IO_L3N_T0_DQS_EMCCLK_14
K13,14,IOB_X0Y45,LIOB33_X0Y45,IO_L2N_T0_D03_14
K14,14,IOB_X0Y42,LIOB33_X0Y41,IO_L4P_T0_D04_14
K15,14,IOB_X0Y39,LIOB33_X0Y39,IO_L5N_T0_D07_14
K2,34,IOB_X1Y15,RIOB33_X31Y15,IO_L17N_T2_34
K3,34,IOB_X1Y16,RIOB33_X31Y15,IO_L17P_T2_34
L1,34,IOB_X1Y13,RIOB33_X31Y13,IO_L18N_T2_34
L10,14,IOB_X0Y0,LIOB33_SING_X0Y0,IO_25_14
L11,14,IOB_X0Y38,LIOB33_X0Y37,IO_L6P_T0_FCS_B_14
L12,14,IOB_X0Y37,LIOB33_X0Y37,IO_L6N_T0_D08_VREF_14
L13,14,IOB_X0Y36,LIOB33_X0Y35,IO_L7P_T1_D09_14
L14,14,IOB_X0Y35,LIOB33_X0Y35,IO_L7N_T1_D10_14
L15,14,IOB_X0Y41,LIOB33_X0Y41,IO_L4N_T0_D05_14
M1,34,IOB_X1Y14,RIOB33_X31Y13,IO_L18P_T2_34
M10,14,IOB_X0Y23,LIOB33_X0Y23,IO_L13N_T2_MRCC_14
M13,14,IOB_X0Y34,LIOB33_X0Y33,IO_L8P_T1_D11_14
M14,14,IOB_X0Y32,LIOB33_X0Y31,IO_L9P_T1_DQS_14
M15,14,IOB_X0Y31,LIOB33_X0Y31,IO_L9N_T1_DQS_D13_14
M2,34,IOB_X1Y9,RIOB33_X31Y9,IO_L20N_T3_34
M3,34,IOB_X1Y11,RIOB33_X31Y11,IO_L19N_T3_VREF_34
M4,34,IOB_X1Y12,RIOB33_X31Y11,IO_L19P_T3_34
M7,14,IOB_X0Y12,LIOB33_X0Y11,IO_L19P_T3_D26_14
M8,14,IOB_X0Y11,LIOB33_X0Y11,IO_L19N_T3_D25_VREF_14
M9,14,IOB_X0Y24,LIOB33_X0Y23,IO_L13P_T2_MRCC_14
N1,34,IOB_X1Y5,RIOB33_X31Y5,IO_L22N_T3_34
N10,14,IOB_X0Y20,LIOB33_X0Y19,IO_L15P_T2_DQS_RDWR_B_14
N11,14,IOB_X0Y19,LIOB33_X0Y19,IO_L15N_T2_DQS_DOUT_CSO_B_14
N12,14,IOB_X0Y22,LIOB33_X0Y21,IO_L14P_T2_SRCC_14
N13,14,IOB_X0Y33,LIOB33_X0Y33,IO_L8N_T1_D12_14
N14,14,IOB_X0Y30,LIOB33_X0Y29,IO_L10P_T1_D14_14
N15,14,IOB_X0Y29,LIOB33_X0Y29,IO_L10N_T1_D15_14
N2,34,IOB_X1Y10,RIOB33_X31Y9,IO_L20P_T3_34
N3,34,IOB_X1Y7,RIOB33_X31Y7,IO_L21N_T3_DQS_34
N4,34,IOB_X1Y0,RIOB33_SING_X31Y0,IO_25_34
N6,14,IOB_X0Y10,LIOB33_X0Y9,IO_L20P_T3_D24_14
N7,14,IOB_X0Y9,LIOB33_X0Y9,IO_L20N_T3_D23_14
N8,14,IOB_X0Y8,LIOB33_X0Y7,IO_L21P_T3_DQS_14
N9,14,IOB_X0Y7,LIOB33_X0Y7,IO_L21N_T3_DQS_D22_14
P1,34,IOB_X1Y6,RIOB33_X31Y5,IO_L22P_T3_34
P10,14,IOB_X0Y18,LIOB33_X0Y17,IO_L16P_T2_CSI_B_14
P11,14,IOB_X0Y17,LIOB33_X0Y17,IO_L16N_T2_D31_14
P12,14,IOB_X0Y21,LIOB33_X0Y21,IO_L14N_T2_SRCC_14
P14,14,IOB_X0Y28,LIOB33_X0Y27,IO_L11P_T1_SRCC_14
P15,14,IOB_X0Y27,LIOB33_X0Y27,IO_L11N_T1_SRCC_14
P2,34,IOB_X1Y1,RIOB33_X31Y1,IO_L24N_T3_34
P3,34,IOB_X1Y8,RIOB33_X31Y7,IO_L21P_T3_DQS_34
P6,14,IOB_X0Y4,LIOB33_X0Y3,IO_L23P_T3_D19_14
P7,14,IOB_X0Y3,LIOB33_X0Y3,IO_L23N_T3_D18_14
R10,14,IOB_X0Y15,LIOB33_X0Y15,IO_L17N_T2_D29_14
R11,14,IOB_X0Y14,LIOB33_X0Y13,IO_L18P_T2_D28_14
R12,14,IOB_X0Y13,LIOB33_X0Y13,IO_L18N_T2_D27_14
R13,14,IOB_X0Y26,LIOB33_X0Y25,IO_L12P_T1_MRCC_14
R14,14,IOB_X0Y25,LIOB33_X0Y25,IO_L12N_T1_MRCC_14
R2,34,IOB_X1Y2,RIOB33_X31Y1,IO_L24P_T3_34
R3,34,IOB_X1Y3,RIOB33_X31Y3,IO_L23N_T3_34
R4,34,IOB_X1Y4,RIOB33_X31Y3,IO_L23P_T3_34
R5,14,IOB_X0Y2,LIOB33_X0Y1,IO_L24P_T3_D17_14
R6,14,IOB_X0Y1,LIOB33_X0Y1,IO_L24N_T3_D16_14
R7,14,IOB_X0Y6,LIOB33_X0Y5,IO_L22P_T3_D21_14
R8,14,IOB_X0Y5,LIOB33_X0Y5,IO_L22N_T3_D20_14
R9,14,IOB_X0Y16,LIOB33_X0Y15,IO_L17P_T2_D30_14
