pin,bank,site,tile,pin_function
AA21,0,IPAD_X1Y78,MONITOR_BOT_X157Y131,VP_0
AB20,0,IPAD_X1Y79,MONITOR_BOT_X157Y131,VN_0
AR35,13,IOB_X0Y49,LIOB18_SING_X81Y51,IO_0_VRN_13
AY34,13,IOB_X0Y48,LIOB18_X81Y49,IO_L1P_T0_13
BA35,13,IOB_X0Y47,LIOB18_X81Y49,IO_L1N_T0_13
AV36,13,IOB_X0Y46,LIOB18_X81Y47,IO_L2P_T0_13
AW36,13,IOB_X0Y45,LIOB18_X81Y47,IO_L2N_T0_13
BA34,13,IOB_X0Y44,LIOB18_X81Y45,IO_L3P_T0_DQS_13
BB34,13,IOB_X0Y43,LIOB18_X81Y45,IO_L3N_T0_DQS_13
BA36,13,IOB_X0Y42,LIOB18_X81Y43,IO_L4P_T0_13
BB36,13,IOB_X0Y41,LIOB18_X81Y43,IO_L4N_T0_13
BB32,13,IOB_X0Y40,LIOB18_X81Y41,IO_L5P_T0_13
BB33,13,IOB_X0Y39,LIOB18_X81Y41,IO_L5N_T0_13
AW35,13,IOB_X0Y38,LIOB18_X81Y39,IO_L6P_T0_13
AY35,13,IOB_X0Y37,LIOB18_X81Y39,IO_L6N_T0_VREF_13
AT34,13,IOB_X0Y36,LIOB18_X81Y37,IO_L7P_T1_13
AU34,13,IOB_X0Y35,LIOB18_X81Y37,IO_L7N_T1_13
AT36,13,IOB_X0Y34,LIOB18_X81Y35,IO_L8P_T1_13
AU36,13,IOB_X0Y33,LIOB18_X81Y35,IO_L8N_T1_13
AT32,13,IOB_X0Y32,LIOB18_X81Y33,IO_L9P_T1_DQS_13
AU33,13,IOB_X0Y31,LIOB18_X81Y33,IO_L9N_T1_DQS_13
AR34,13,IOB_X0Y30,LIOB18_X81Y31,IO_L10P_T1_13
AT35,13,IOB_X0Y29,LIOB18_X81Y31,IO_L10N_T1_13
AU32,13,IOB_X0Y28,LIOB18_X81Y29,IO_L11P_T1_SRCC_13
AV33,13,IOB_X0Y27,LIOB18_X81Y29,IO_L11N_T1_SRCC_13
AW32,13,IOB_X0Y26,LIOB18_X81Y27,IO_L12P_T1_MRCC_13
AW33,13,IOB_X0Y25,LIOB18_X81Y27,IO_L12N_T1_MRCC_13
AV34,13,IOB_X0Y24,LIOB18_X81Y24,IO_L13P_T2_MRCC_13
AV35,13,IOB_X0Y23,LIOB18_X81Y24,IO_L13N_T2_MRCC_13
AY32,13,IOB_X0Y22,LIOB18_X81Y22,IO_L14P_T2_SRCC_13
AY33,13,IOB_X0Y21,LIOB18_X81Y22,IO_L14N_T2_SRCC_13
BA31,13,IOB_X0Y20,LIOB18_X81Y20,IO_L15P_T2_DQS_13
BA32,13,IOB_X0Y19,LIOB18_X81Y20,IO_L15N_T2_DQS_13
AW30,13,IOB_X0Y18,LIOB18_X81Y18,IO_L16P_T2_13
AY30,13,IOB_X0Y17,LIOB18_X81Y18,IO_L16N_T2_13
BA30,13,IOB_X0Y16,LIOB18_X81Y16,IO_L17P_T2_13
BB31,13,IOB_X0Y15,LIOB18_X81Y16,IO_L17N_T2_13
AV30,13,IOB_X0Y14,LIOB18_X81Y14,IO_L18P_T2_13
AW31,13,IOB_X0Y13,LIOB18_X81Y14,IO_L18N_T2_13
AR30,13,IOB_X0Y12,LIOB18_X81Y12,IO_L19P_T3_13
AT30,13,IOB_X0Y11,LIOB18_X81Y12,IO_L19N_T3_VREF_13
AU31,13,IOB_X0Y10,LIOB18_X81Y10,IO_L20P_T3_13
AV31,13,IOB_X0Y9,LIOB18_X81Y10,IO_L20N_T3_13
AN30,13,IOB_X0Y8,LIOB18_X81Y8,IO_L21P_T3_DQS_13
AP30,13,IOB_X0Y7,LIOB18_X81Y8,IO_L21N_T3_DQS_13
AP32,13,IOB_X0Y6,LIOB18_X81Y6,IO_L22P_T3_13
AR32,13,IOB_X0Y5,LIOB18_X81Y6,IO_L22N_T3_13
AN31,13,IOB_X0Y4,LIOB18_X81Y4,IO_L23P_T3_13
AP31,13,IOB_X0Y3,LIOB18_X81Y4,IO_L23N_T3_13
AP33,13,IOB_X0Y2,LIOB18_X81Y2,IO_L24P_T3_13
AR33,13,IOB_X0Y1,LIOB18_X81Y2,IO_L24N_T3_13
AT31,13,IOB_X0Y0,LIOB18_SING_X81Y1,IO_25_VRP_13
AH35,14,IOB_X0Y99,LIOB18_SING_X81Y103,IO_0_VRN_14
AM36,14,IOB_X0Y98,LIOB18_X81Y101,IO_L1P_T0_D00_MOSI_14
AN36,14,IOB_X0Y97,LIOB18_X81Y101,IO_L1N_T0_D01_DIN_14
AJ36,14,IOB_X0Y96,LIOB18_X81Y99,IO_L2P_T0_D02_14
AJ37,14,IOB_X0Y95,LIOB18_X81Y99,IO_L2N_T0_D03_14
AP36,14,IOB_X0Y94,LIOB18_X81Y97,IO_L3P_T0_DQS_PUDC_B_14
AP37,14,IOB_X0Y93,LIOB18_X81Y97,IO_L3N_T0_DQS_EMCCLK_14
AK37,14,IOB_X0Y92,LIOB18_X81Y95,IO_L4P_T0_D04_14
AL37,14,IOB_X0Y91,LIOB18_X81Y95,IO_L4N_T0_D05_14
AN35,14,IOB_X0Y90,LIOB18_X81Y93,IO_L5P_T0_D06_14
AP35,14,IOB_X0Y89,LIOB18_X81Y93,IO_L5N_T0_D07_14
AL36,14,IOB_X0Y88,LIOB18_X81Y91,IO_L6P_T0_FCS_B_14
AM37,14,IOB_X0Y87,LIOB18_X81Y91,IO_L6N_T0_D08_VREF_14
AG33,14,IOB_X0Y86,LIOB18_X81Y89,IO_L7P_T1_D09_14
AH33,14,IOB_X0Y85,LIOB18_X81Y89,IO_L7N_T1_D10_14
AK35,14,IOB_X0Y84,LIOB18_X81Y87,IO_L8P_T1_D11_14
AL35,14,IOB_X0Y83,LIOB18_X81Y87,IO_L8N_T1_D12_14
AH31,14,IOB_X0Y82,LIOB18_X81Y85,IO_L9P_T1_DQS_14
AJ31,14,IOB_X0Y81,LIOB18_X81Y85,IO_L9N_T1_DQS_D13_14
AH34,14,IOB_X0Y80,LIOB18_X81Y83,IO_L10P_T1_D14_14
AJ35,14,IOB_X0Y79,LIOB18_X81Y83,IO_L10N_T1_D15_14
AJ33,14,IOB_X0Y78,LIOB18_X81Y81,IO_L11P_T1_SRCC_14
AK33,14,IOB_X0Y77,LIOB18_X81Y81,IO_L11N_T1_SRCC_14
AK34,14,IOB_X0Y76,LIOB18_X81Y79,IO_L12P_T1_MRCC_14
AL34,14,IOB_X0Y75,LIOB18_X81Y79,IO_L12N_T1_MRCC_14
AJ32,14,IOB_X0Y74,LIOB18_X81Y76,IO_L13P_T2_MRCC_14
AK32,14,IOB_X0Y73,LIOB18_X81Y76,IO_L13N_T2_MRCC_14
AL31,14,IOB_X0Y72,LIOB18_X81Y74,IO_L14P_T2_SRCC_14
AL32,14,IOB_X0Y71,LIOB18_X81Y74,IO_L14N_T2_SRCC_14
AM34,14,IOB_X0Y70,LIOB18_X81Y72,IO_L15P_T2_DQS_RDWR_B_14
AN34,14,IOB_X0Y69,LIOB18_X81Y72,IO_L15N_T2_DQS_DOUT_CSO_B_14
AM31,14,IOB_X0Y68,LIOB18_X81Y70,IO_L16P_T2_CSI_B_14
AM32,14,IOB_X0Y67,LIOB18_X81Y70,IO_L16N_T2_A15_D31_14
AM33,14,IOB_X0Y66,LIOB18_X81Y68,IO_L17P_T2_A14_D30_14
AN33,14,IOB_X0Y65,LIOB18_X81Y68,IO_L17N_T2_A13_D29_14
AL29,14,IOB_X0Y64,LIOB18_X81Y66,IO_L18P_T2_A12_D28_14
AL30,14,IOB_X0Y63,LIOB18_X81Y66,IO_L18N_T2_A11_D27_14
AH29,14,IOB_X0Y62,LIOB18_X81Y64,IO_L19P_T3_A10_D26_14
AH30,14,IOB_X0Y61,LIOB18_X81Y64,IO_L19N_T3_A09_D25_VREF_14
AJ30,14,IOB_X0Y60,LIOB18_X81Y62,IO_L20P_T3_A08_D24_14
AK30,14,IOB_X0Y59,LIOB18_X81Y62,IO_L20N_T3_A07_D23_14
AF29,14,IOB_X0Y58,LIOB18_X81Y60,IO_L21P_T3_DQS_14
AG29,14,IOB_X0Y57,LIOB18_X81Y60,IO_L21N_T3_DQS_A06_D22_14
AK28,14,IOB_X0Y56,LIOB18_X81Y58,IO_L22P_T3_A05_D21_14
AK29,14,IOB_X0Y55,LIOB18_X81Y58,IO_L22N_T3_A04_D20_14
AF30,14,IOB_X0Y54,LIOB18_X81Y56,IO_L23P_T3_A03_D19_14
AG31,14,IOB_X0Y53,LIOB18_X81Y56,IO_L23N_T3_A02_D18_14
AH28,14,IOB_X0Y52,LIOB18_X81Y54,IO_L24P_T3_A01_D17_14
AJ28,14,IOB_X0Y51,LIOB18_X81Y54,IO_L24N_T3_A00_D16_14
AG32,14,IOB_X0Y50,LIOB18_SING_X81Y53,IO_25_VRP_14
AM38,15,IOB_X0Y149,LIOB18_SING_X81Y155,IO_0_VRN_15
AN38,15,IOB_X0Y148,LIOB18_X81Y153,IO_L1P_T0_AD0P_15
AP38,15,IOB_X0Y147,LIOB18_X81Y153,IO_L1N_T0_AD0N_15
AM41,15,IOB_X0Y146,LIOB18_X81Y151,IO_L2P_T0_AD8P_15
AM42,15,IOB_X0Y145,LIOB18_X81Y151,IO_L2N_T0_AD8N_15
AR38,15,IOB_X0Y144,LIOB18_X81Y149,IO_L3P_T0_DQS_AD1P_15
AR39,15,IOB_X0Y143,LIOB18_X81Y149,IO_L3N_T0_DQS_AD1N_15
AN40,15,IOB_X0Y142,LIOB18_X81Y147,IO_L4P_T0_15
AN41,15,IOB_X0Y141,LIOB18_X81Y147,IO_L4N_T0_15
AR37,15,IOB_X0Y140,LIOB18_X81Y145,IO_L5P_T0_AD9P_15
AT37,15,IOB_X0Y139,LIOB18_X81Y145,IO_L5N_T0_AD9N_15
AM39,15,IOB_X0Y138,LIOB18_X81Y143,IO_L6P_T0_15
AN39,15,IOB_X0Y137,LIOB18_X81Y143,IO_L6N_T0_VREF_15
AP40,15,IOB_X0Y136,LIOB18_X81Y141,IO_L7P_T1_AD2P_15
AR40,15,IOB_X0Y135,LIOB18_X81Y141,IO_L7N_T1_AD2N_15
AP41,15,IOB_X0Y134,LIOB18_X81Y139,IO_L8P_T1_AD10P_15
AP42,15,IOB_X0Y133,LIOB18_X81Y139,IO_L8N_T1_AD10N_15
AT39,15,IOB_X0Y132,LIOB18_X81Y137,IO_L9P_T1_DQS_AD3P_15
AT40,15,IOB_X0Y131,LIOB18_X81Y137,IO_L9N_T1_DQS_AD3N_15
AR42,15,IOB_X0Y130,LIOB18_X81Y135,IO_L10P_T1_AD11P_15
AT42,15,IOB_X0Y129,LIOB18_X81Y135,IO_L10N_T1_AD11N_15
AU39,15,IOB_X0Y128,LIOB18_X81Y133,IO_L11P_T1_SRCC_15
AV39,15,IOB_X0Y127,LIOB18_X81Y133,IO_L11N_T1_SRCC_15
AU38,15,IOB_X0Y126,LIOB18_X81Y131,IO_L12P_T1_MRCC_15
AV38,15,IOB_X0Y125,LIOB18_X81Y131,IO_L12N_T1_MRCC_15
AV40,15,IOB_X0Y124,LIOB18_X81Y128,IO_L13P_T2_MRCC_15
AW40,15,IOB_X0Y123,LIOB18_X81Y128,IO_L13N_T2_MRCC_15
AY39,15,IOB_X0Y122,LIOB18_X81Y126,IO_L14P_T2_SRCC_15
AY40,15,IOB_X0Y121,LIOB18_X81Y126,IO_L14N_T2_SRCC_15
AW37,15,IOB_X0Y120,LIOB18_X81Y124,IO_L15P_T2_DQS_15
AY37,15,IOB_X0Y119,LIOB18_X81Y124,IO_L15N_T2_DQS_ADV_B_15
BA37,15,IOB_X0Y118,LIOB18_X81Y122,IO_L16P_T2_A28_15
BB37,15,IOB_X0Y117,LIOB18_X81Y122,IO_L16N_T2_A27_15
AW38,15,IOB_X0Y116,LIOB18_X81Y120,IO_L17P_T2_A26_15
AY38,15,IOB_X0Y115,LIOB18_X81Y120,IO_L17N_T2_A25_15
BB38,15,IOB_X0Y114,LIOB18_X81Y118,IO_L18P_T2_A24_15
BB39,15,IOB_X0Y113,LIOB18_X81Y118,IO_L18N_T2_A23_15
BA39,15,IOB_X0Y112,LIOB18_X81Y116,IO_L19P_T3_A22_15
BA40,15,IOB_X0Y111,LIOB18_X81Y116,IO_L19N_T3_A21_VREF_15
AT41,15,IOB_X0Y110,LIOB18_X81Y114,IO_L20P_T3_A20_15
AU42,15,IOB_X0Y109,LIOB18_X81Y114,IO_L20N_T3_A19_15
AY42,15,IOB_X0Y108,LIOB18_X81Y112,IO_L21P_T3_DQS_15
BA42,15,IOB_X0Y107,LIOB18_X81Y112,IO_L21N_T3_DQS_A18_15
AU41,15,IOB_X0Y106,LIOB18_X81Y110,IO_L22P_T3_A17_15
AV41,15,IOB_X0Y105,LIOB18_X81Y110,IO_L22N_T3_A16_15
BA41,15,IOB_X0Y104,LIOB18_X81Y108,IO_L23P_T3_FOE_B_15
BB41,15,IOB_X0Y103,LIOB18_X81Y108,IO_L23N_T3_FWE_B_15
AW41,15,IOB_X0Y102,LIOB18_X81Y106,IO_L24P_T3_RS1_15
AW42,15,IOB_X0Y101,LIOB18_X81Y106,IO_L24N_T3_RS0_15
AU37,15,IOB_X0Y100,LIOB18_SING_X81Y105,IO_25_VRP_15
Y34,16,IOB_X0Y199,LIOB18_SING_X81Y207,IO_0_VRN_16
AF35,16,IOB_X0Y198,LIOB18_X81Y205,IO_L1P_T0_16
AF36,16,IOB_X0Y197,LIOB18_X81Y205,IO_L1N_T0_16
AE37,16,IOB_X0Y196,LIOB18_X81Y203,IO_L2P_T0_16
AF37,16,IOB_X0Y195,LIOB18_X81Y203,IO_L2N_T0_16
AF34,16,IOB_X0Y194,LIOB18_X81Y201,IO_L3P_T0_DQS_16
AG34,16,IOB_X0Y193,LIOB18_X81Y201,IO_L3N_T0_DQS_16
AD36,16,IOB_X0Y192,LIOB18_X81Y199,IO_L4P_T0_16
AD37,16,IOB_X0Y191,LIOB18_X81Y199,IO_L4N_T0_16
AC35,16,IOB_X0Y190,LIOB18_X81Y197,IO_L5P_T0_16
AC36,16,IOB_X0Y189,LIOB18_X81Y197,IO_L5N_T0_16
AG36,16,IOB_X0Y188,LIOB18_X81Y195,IO_L6P_T0_16
AH36,16,IOB_X0Y187,LIOB18_X81Y195,IO_L6N_T0_VREF_16
Y37,16,IOB_X0Y186,LIOB18_X81Y193,IO_L7P_T1_16
AA37,16,IOB_X0Y185,LIOB18_X81Y193,IO_L7N_T1_16
Y35,16,IOB_X0Y184,LIOB18_X81Y191,IO_L8P_T1_16
AA36,16,IOB_X0Y183,LIOB18_X81Y191,IO_L8N_T1_16
AB36,16,IOB_X0Y182,LIOB18_X81Y189,IO_L9P_T1_DQS_16
AB37,16,IOB_X0Y181,LIOB18_X81Y189,IO_L9N_T1_DQS_16
AA34,16,IOB_X0Y180,LIOB18_X81Y187,IO_L10P_T1_16
AA35,16,IOB_X0Y179,LIOB18_X81Y187,IO_L10N_T1_16
AB31,16,IOB_X0Y178,LIOB18_X81Y185,IO_L11P_T1_SRCC_16
AB32,16,IOB_X0Y177,LIOB18_X81Y185,IO_L11N_T1_SRCC_16
AB33,16,IOB_X0Y176,LIOB18_X81Y183,IO_L12P_T1_MRCC_16
AC33,16,IOB_X0Y175,LIOB18_X81Y183,IO_L12N_T1_MRCC_16
AD32,16,IOB_X0Y174,LIOB18_X81Y180,IO_L13P_T2_MRCC_16
AD33,16,IOB_X0Y173,LIOB18_X81Y180,IO_L13N_T2_MRCC_16
AC34,16,IOB_X0Y172,LIOB18_X81Y178,IO_L14P_T2_SRCC_16
AD35,16,IOB_X0Y171,LIOB18_X81Y178,IO_L14N_T2_SRCC_16
AE32,16,IOB_X0Y170,LIOB18_X81Y176,IO_L15P_T2_DQS_16
AE33,16,IOB_X0Y169,LIOB18_X81Y176,IO_L15N_T2_DQS_16
AF31,16,IOB_X0Y168,LIOB18_X81Y174,IO_L16P_T2_16
AF32,16,IOB_X0Y167,LIOB18_X81Y174,IO_L16N_T2_16
AE34,16,IOB_X0Y166,LIOB18_X81Y172,IO_L17P_T2_16
AE35,16,IOB_X0Y165,LIOB18_X81Y172,IO_L17N_T2_16
AE29,16,IOB_X0Y164,LIOB18_X81Y170,IO_L18P_T2_16
AE30,16,IOB_X0Y163,LIOB18_X81Y170,IO_L18N_T2_16
Y32,16,IOB_X0Y162,LIOB18_X81Y168,IO_L19P_T3_16
Y33,16,IOB_X0Y161,LIOB18_X81Y168,IO_L19N_T3_VREF_16
AC31,16,IOB_X0Y160,LIOB18_X81Y166,IO_L20P_T3_16
AD31,16,IOB_X0Y159,LIOB18_X81Y166,IO_L20N_T3_16
AA31,16,IOB_X0Y158,LIOB18_X81Y164,IO_L21P_T3_DQS_16
AA32,16,IOB_X0Y157,LIOB18_X81Y164,IO_L21N_T3_DQS_16
AC30,16,IOB_X0Y156,LIOB18_X81Y162,IO_L22P_T3_16
AD30,16,IOB_X0Y155,LIOB18_X81Y162,IO_L22N_T3_16
AA29,16,IOB_X0Y154,LIOB18_X81Y160,IO_L23P_T3_16
AA30,16,IOB_X0Y153,LIOB18_X81Y160,IO_L23N_T3_16
AB29,16,IOB_X0Y152,LIOB18_X81Y158,IO_L24P_T3_16
AC29,16,IOB_X0Y151,LIOB18_X81Y158,IO_L24N_T3_16
AB34,16,IOB_X0Y150,LIOB18_SING_X81Y157,IO_25_VRP_16
Y38,17,IOB_X0Y249,LIOB18_SING_X81Y259,IO_0_VRN_17
AB41,17,IOB_X0Y248,LIOB18_X81Y257,IO_L1P_T0_17
AB42,17,IOB_X0Y247,LIOB18_X81Y257,IO_L1N_T0_17
W40,17,IOB_X0Y246,LIOB18_X81Y255,IO_L2P_T0_17
Y40,17,IOB_X0Y245,LIOB18_X81Y255,IO_L2N_T0_17
Y39,17,IOB_X0Y244,LIOB18_X81Y253,IO_L3P_T0_DQS_17
AA39,17,IOB_X0Y243,LIOB18_X81Y253,IO_L3N_T0_DQS_17
Y42,17,IOB_X0Y242,LIOB18_X81Y251,IO_L4P_T0_17
AA42,17,IOB_X0Y241,LIOB18_X81Y251,IO_L4N_T0_17
AB38,17,IOB_X0Y240,LIOB18_X81Y249,IO_L5P_T0_17
AB39,17,IOB_X0Y239,LIOB18_X81Y249,IO_L5N_T0_17
AA40,17,IOB_X0Y238,LIOB18_X81Y247,IO_L6P_T0_17
AA41,17,IOB_X0Y237,LIOB18_X81Y247,IO_L6N_T0_VREF_17
AC38,17,IOB_X0Y236,LIOB18_X81Y245,IO_L7P_T1_17
AC39,17,IOB_X0Y235,LIOB18_X81Y245,IO_L7N_T1_17
AD42,17,IOB_X0Y234,LIOB18_X81Y243,IO_L8P_T1_17
AE42,17,IOB_X0Y233,LIOB18_X81Y243,IO_L8N_T1_17
AD38,17,IOB_X0Y232,LIOB18_X81Y241,IO_L9P_T1_DQS_17
AE38,17,IOB_X0Y231,LIOB18_X81Y241,IO_L9N_T1_DQS_17
AC40,17,IOB_X0Y230,LIOB18_X81Y239,IO_L10P_T1_17
AC41,17,IOB_X0Y229,LIOB18_X81Y239,IO_L10N_T1_17
AE39,17,IOB_X0Y228,LIOB18_X81Y237,IO_L11P_T1_SRCC_17
AE40,17,IOB_X0Y227,LIOB18_X81Y237,IO_L11N_T1_SRCC_17
AD40,17,IOB_X0Y226,LIOB18_X81Y235,IO_L12P_T1_MRCC_17
AD41,17,IOB_X0Y225,LIOB18_X81Y235,IO_L12N_T1_MRCC_17
AF39,17,IOB_X0Y224,LIOB18_X81Y232,IO_L13P_T2_MRCC_17
AF40,17,IOB_X0Y223,LIOB18_X81Y232,IO_L13N_T2_MRCC_17
AF41,17,IOB_X0Y222,LIOB18_X81Y230,IO_L14P_T2_SRCC_17
AG41,17,IOB_X0Y221,LIOB18_X81Y230,IO_L14N_T2_SRCC_17
AG39,17,IOB_X0Y220,LIOB18_X81Y228,IO_L15P_T2_DQS_17
AH39,17,IOB_X0Y219,LIOB18_X81Y228,IO_L15N_T2_DQS_17
AF42,17,IOB_X0Y218,LIOB18_X81Y226,IO_L16P_T2_17
AG42,17,IOB_X0Y217,LIOB18_X81Y226,IO_L16N_T2_17
AG38,17,IOB_X0Y216,LIOB18_X81Y224,IO_L17P_T2_17
AH38,17,IOB_X0Y215,LIOB18_X81Y224,IO_L17N_T2_17
AJ38,17,IOB_X0Y214,LIOB18_X81Y222,IO_L18P_T2_17
AK38,17,IOB_X0Y213,LIOB18_X81Y222,IO_L18N_T2_17
AK40,17,IOB_X0Y212,LIOB18_X81Y220,IO_L19P_T3_17
AL40,17,IOB_X0Y211,LIOB18_X81Y220,IO_L19N_T3_VREF_17
AH40,17,IOB_X0Y210,LIOB18_X81Y218,IO_L20P_T3_17
AH41,17,IOB_X0Y209,LIOB18_X81Y218,IO_L20N_T3_17
AL41,17,IOB_X0Y208,LIOB18_X81Y216,IO_L21P_T3_DQS_17
AL42,17,IOB_X0Y207,LIOB18_X81Y216,IO_L21N_T3_DQS_17
AJ40,17,IOB_X0Y206,LIOB18_X81Y214,IO_L22P_T3_17
AJ41,17,IOB_X0Y205,LIOB18_X81Y214,IO_L22N_T3_17
AK39,17,IOB_X0Y204,LIOB18_X81Y212,IO_L23P_T3_17
AL39,17,IOB_X0Y203,LIOB18_X81Y212,IO_L23N_T3_17
AJ42,17,IOB_X0Y202,LIOB18_X81Y210,IO_L24P_T3_17
AK42,17,IOB_X0Y201,LIOB18_X81Y210,IO_L24N_T3_17
AG37,17,IOB_X0Y200,LIOB18_SING_X81Y209,IO_25_VRP_17
N35,18,IOB_X0Y299,LIOB18_SING_X81Y311,IO_0_VRN_18
T34,18,IOB_X0Y298,LIOB18_X81Y309,IO_L1P_T0_18
R35,18,IOB_X0Y297,LIOB18_X81Y309,IO_L1N_T0_18
N33,18,IOB_X0Y296,LIOB18_X81Y307,IO_L2P_T0_18
N34,18,IOB_X0Y295,LIOB18_X81Y307,IO_L2N_T0_18
R33,18,IOB_X0Y294,LIOB18_X81Y305,IO_L3P_T0_DQS_18
R34,18,IOB_X0Y293,LIOB18_X81Y305,IO_L3N_T0_DQS_18
P35,18,IOB_X0Y292,LIOB18_X81Y303,IO_L4P_T0_18
P36,18,IOB_X0Y291,LIOB18_X81Y303,IO_L4N_T0_18
T32,18,IOB_X0Y290,LIOB18_X81Y301,IO_L5P_T0_18
R32,18,IOB_X0Y289,LIOB18_X81Y301,IO_L5N_T0_18
P32,18,IOB_X0Y288,LIOB18_X81Y299,IO_L6P_T0_18
P33,18,IOB_X0Y287,LIOB18_X81Y299,IO_L6N_T0_VREF_18
T36,18,IOB_X0Y286,LIOB18_X81Y297,IO_L7P_T1_18
R37,18,IOB_X0Y285,LIOB18_X81Y297,IO_L7N_T1_18
P37,18,IOB_X0Y284,LIOB18_X81Y295,IO_L8P_T1_18
P38,18,IOB_X0Y283,LIOB18_X81Y295,IO_L8N_T1_18
U34,18,IOB_X0Y282,LIOB18_X81Y293,IO_L9P_T1_DQS_18
T35,18,IOB_X0Y281,LIOB18_X81Y293,IO_L9N_T1_DQS_18
R38,18,IOB_X0Y280,LIOB18_X81Y291,IO_L10P_T1_18
R39,18,IOB_X0Y279,LIOB18_X81Y291,IO_L10N_T1_18
U37,18,IOB_X0Y278,LIOB18_X81Y289,IO_L11P_T1_SRCC_18
U38,18,IOB_X0Y277,LIOB18_X81Y289,IO_L11N_T1_SRCC_18
U39,18,IOB_X0Y276,LIOB18_X81Y287,IO_L12P_T1_MRCC_18
T39,18,IOB_X0Y275,LIOB18_X81Y287,IO_L12N_T1_MRCC_18
U36,18,IOB_X0Y274,LIOB18_X81Y284,IO_L13P_T2_MRCC_18
T37,18,IOB_X0Y273,LIOB18_X81Y284,IO_L13N_T2_MRCC_18
V35,18,IOB_X0Y272,LIOB18_X81Y282,IO_L14P_T2_SRCC_18
V36,18,IOB_X0Y271,LIOB18_X81Y282,IO_L14N_T2_SRCC_18
V33,18,IOB_X0Y270,LIOB18_X81Y280,IO_L15P_T2_DQS_18
V34,18,IOB_X0Y269,LIOB18_X81Y280,IO_L15N_T2_DQS_18
W36,18,IOB_X0Y268,LIOB18_X81Y278,IO_L16P_T2_18
W37,18,IOB_X0Y267,LIOB18_X81Y278,IO_L16N_T2_18
U32,18,IOB_X0Y266,LIOB18_X81Y276,IO_L17P_T2_18
U33,18,IOB_X0Y265,LIOB18_X81Y276,IO_L17N_T2_18
W32,18,IOB_X0Y264,LIOB18_X81Y274,IO_L18P_T2_18
W33,18,IOB_X0Y263,LIOB18_X81Y274,IO_L18N_T2_18
V39,18,IOB_X0Y262,LIOB18_X81Y272,IO_L19P_T3_18
V40,18,IOB_X0Y261,LIOB18_X81Y272,IO_L19N_T3_VREF_18
T40,18,IOB_X0Y260,LIOB18_X81Y270,IO_L20P_T3_18
T41,18,IOB_X0Y259,LIOB18_X81Y270,IO_L20N_T3_18
W41,18,IOB_X0Y258,LIOB18_X81Y268,IO_L21P_T3_DQS_18
W42,18,IOB_X0Y257,LIOB18_X81Y268,IO_L21N_T3_DQS_18
U41,18,IOB_X0Y256,LIOB18_X81Y266,IO_L22P_T3_18
T42,18,IOB_X0Y255,LIOB18_X81Y266,IO_L22N_T3_18
W38,18,IOB_X0Y254,LIOB18_X81Y264,IO_L23P_T3_18
V38,18,IOB_X0Y253,LIOB18_X81Y264,IO_L23N_T3_18
V41,18,IOB_X0Y252,LIOB18_X81Y262,IO_L24P_T3_18
U42,18,IOB_X0Y251,LIOB18_X81Y262,IO_L24N_T3_18
W35,18,IOB_X0Y250,LIOB18_SING_X81Y261,IO_25_VRP_18
L36,19,IOB_X0Y349,LIOB18_SING_X81Y363,IO_0_VRN_19
E40,19,IOB_X0Y348,LIOB18_X81Y361,IO_L1P_T0_19
D40,19,IOB_X0Y347,LIOB18_X81Y361,IO_L1N_T0_19
A40,19,IOB_X0Y346,LIOB18_X81Y359,IO_L2P_T0_19
A41,19,IOB_X0Y345,LIOB18_X81Y359,IO_L2N_T0_19
D41,19,IOB_X0Y344,LIOB18_X81Y357,IO_L3P_T0_DQS_19
D42,19,IOB_X0Y343,LIOB18_X81Y357,IO_L3N_T0_DQS_19
B41,19,IOB_X0Y342,LIOB18_X81Y355,IO_L4P_T0_19
B42,19,IOB_X0Y341,LIOB18_X81Y355,IO_L4N_T0_19
F42,19,IOB_X0Y340,LIOB18_X81Y353,IO_L5P_T0_19
E42,19,IOB_X0Y339,LIOB18_X81Y353,IO_L5N_T0_19
C40,19,IOB_X0Y338,LIOB18_X81Y351,IO_L6P_T0_19
C41,19,IOB_X0Y337,LIOB18_X81Y351,IO_L6N_T0_VREF_19
H40,19,IOB_X0Y336,LIOB18_X81Y349,IO_L7P_T1_19
H41,19,IOB_X0Y335,LIOB18_X81Y349,IO_L7N_T1_19
H39,19,IOB_X0Y334,LIOB18_X81Y347,IO_L8P_T1_19
G39,19,IOB_X0Y333,LIOB18_X81Y347,IO_L8N_T1_19
G41,19,IOB_X0Y332,LIOB18_X81Y345,IO_L9P_T1_DQS_19
G42,19,IOB_X0Y331,LIOB18_X81Y345,IO_L9N_T1_DQS_19
F40,19,IOB_X0Y330,LIOB18_X81Y343,IO_L10P_T1_19
F41,19,IOB_X0Y329,LIOB18_X81Y343,IO_L10N_T1_19
J40,19,IOB_X0Y328,LIOB18_X81Y341,IO_L11P_T1_SRCC_19
J41,19,IOB_X0Y327,LIOB18_X81Y341,IO_L11N_T1_SRCC_19
K39,19,IOB_X0Y326,LIOB18_X81Y339,IO_L12P_T1_MRCC_19
K40,19,IOB_X0Y325,LIOB18_X81Y339,IO_L12N_T1_MRCC_19
L39,19,IOB_X0Y324,LIOB18_X81Y336,IO_L13P_T2_MRCC_19
L40,19,IOB_X0Y323,LIOB18_X81Y336,IO_L13N_T2_MRCC_19
M41,19,IOB_X0Y322,LIOB18_X81Y334,IO_L14P_T2_SRCC_19
L41,19,IOB_X0Y321,LIOB18_X81Y334,IO_L14N_T2_SRCC_19
K42,19,IOB_X0Y320,LIOB18_X81Y332,IO_L15P_T2_DQS_19
J42,19,IOB_X0Y319,LIOB18_X81Y332,IO_L15N_T2_DQS_19
M42,19,IOB_X0Y318,LIOB18_X81Y330,IO_L16P_T2_19
L42,19,IOB_X0Y317,LIOB18_X81Y330,IO_L16N_T2_19
K37,19,IOB_X0Y316,LIOB18_X81Y328,IO_L17P_T2_19
K38,19,IOB_X0Y315,LIOB18_X81Y328,IO_L17N_T2_19
M36,19,IOB_X0Y314,LIOB18_X81Y326,IO_L18P_T2_19
L37,19,IOB_X0Y313,LIOB18_X81Y326,IO_L18N_T2_19
P41,19,IOB_X0Y312,LIOB18_X81Y324,IO_L19P_T3_19
N41,19,IOB_X0Y311,LIOB18_X81Y324,IO_L19N_T3_VREF_19
M37,19,IOB_X0Y310,LIOB18_X81Y322,IO_L20P_T3_19
M38,19,IOB_X0Y309,LIOB18_X81Y322,IO_L20N_T3_19
R42,19,IOB_X0Y308,LIOB18_X81Y320,IO_L21P_T3_DQS_19
P42,19,IOB_X0Y307,LIOB18_X81Y320,IO_L21N_T3_DQS_19
N38,19,IOB_X0Y306,LIOB18_X81Y318,IO_L22P_T3_19
M39,19,IOB_X0Y305,LIOB18_X81Y318,IO_L22N_T3_19
R40,19,IOB_X0Y304,LIOB18_X81Y316,IO_L23P_T3_19
P40,19,IOB_X0Y303,LIOB18_X81Y316,IO_L23N_T3_19
N39,19,IOB_X0Y302,LIOB18_X81Y314,IO_L24P_T3_19
N40,19,IOB_X0Y301,LIOB18_X81Y314,IO_L24N_T3_19
N36,19,IOB_X0Y300,LIOB18_SING_X81Y313,IO_25_VRP_19
AL24,33,IOB_X1Y49,RIOB18_SING_X312Y51,IO_0_VRN_33
AJ23,33,IOB_X1Y48,RIOB18_X312Y49,IO_L1P_T0_33
AK23,33,IOB_X1Y47,RIOB18_X312Y49,IO_L1N_T0_33
AK20,33,IOB_X1Y46,RIOB18_X312Y47,IO_L2P_T0_33
AL20,33,IOB_X1Y45,RIOB18_X312Y47,IO_L2N_T0_33
AJ22,33,IOB_X1Y44,RIOB18_X312Y45,IO_L3P_T0_DQS_33
AK22,33,IOB_X1Y43,RIOB18_X312Y45,IO_L3N_T0_DQS_33
AL21,33,IOB_X1Y42,RIOB18_X312Y43,IO_L4P_T0_33
AM21,33,IOB_X1Y41,RIOB18_X312Y43,IO_L4N_T0_33
AJ21,33,IOB_X1Y40,RIOB18_X312Y41,IO_L5P_T0_33
AJ20,33,IOB_X1Y39,RIOB18_X312Y41,IO_L5N_T0_33
AL22,33,IOB_X1Y38,RIOB18_X312Y39,IO_L6P_T0_33
AM22,33,IOB_X1Y37,RIOB18_X312Y39,IO_L6N_T0_VREF_33
AM24,33,IOB_X1Y36,RIOB18_X312Y37,IO_L7P_T1_33
AN24,33,IOB_X1Y35,RIOB18_X312Y37,IO_L7N_T1_33
AM23,33,IOB_X1Y34,RIOB18_X312Y35,IO_L8P_T1_33
AN23,33,IOB_X1Y33,RIOB18_X312Y35,IO_L8N_T1_33
AP23,33,IOB_X1Y32,RIOB18_X312Y33,IO_L9P_T1_DQS_33
AP22,33,IOB_X1Y31,RIOB18_X312Y33,IO_L9N_T1_DQS_33
AN21,33,IOB_X1Y30,RIOB18_X312Y31,IO_L10P_T1_33
AP21,33,IOB_X1Y29,RIOB18_X312Y31,IO_L10N_T1_33
AR23,33,IOB_X1Y28,RIOB18_X312Y29,IO_L11P_T1_SRCC_33
AR22,33,IOB_X1Y27,RIOB18_X312Y29,IO_L11N_T1_SRCC_33
AT22,33,IOB_X1Y26,RIOB18_X312Y27,IO_L12P_T1_MRCC_33
AU22,33,IOB_X1Y25,RIOB18_X312Y27,IO_L12N_T1_MRCC_33
AU23,33,IOB_X1Y24,RIOB18_X312Y24,IO_L13P_T2_MRCC_33
AV23,33,IOB_X1Y23,RIOB18_X312Y24,IO_L13N_T2_MRCC_33
AW23,33,IOB_X1Y22,RIOB18_X312Y22,IO_L14P_T2_SRCC_33
AW22,33,IOB_X1Y21,RIOB18_X312Y22,IO_L14N_T2_SRCC_33
AT21,33,IOB_X1Y20,RIOB18_X312Y20,IO_L15P_T2_DQS_33
AU21,33,IOB_X1Y19,RIOB18_X312Y20,IO_L15N_T2_DQS_33
AR24,33,IOB_X1Y18,RIOB18_X312Y18,IO_L16P_T2_33
AT24,33,IOB_X1Y17,RIOB18_X312Y18,IO_L16N_T2_33
AV21,33,IOB_X1Y16,RIOB18_X312Y16,IO_L17P_T2_33
AW21,33,IOB_X1Y15,RIOB18_X312Y16,IO_L17N_T2_33
AU24,33,IOB_X1Y14,RIOB18_X312Y14,IO_L18P_T2_33
AV24,33,IOB_X1Y13,RIOB18_X312Y14,IO_L18N_T2_33
AY23,33,IOB_X1Y12,RIOB18_X312Y12,IO_L19P_T3_33
AY22,33,IOB_X1Y11,RIOB18_X312Y12,IO_L19N_T3_VREF_33
AY25,33,IOB_X1Y10,RIOB18_X312Y10,IO_L20P_T3_33
BA25,33,IOB_X1Y9,RIOB18_X312Y10,IO_L20N_T3_33
BA22,33,IOB_X1Y8,RIOB18_X312Y8,IO_L21P_T3_DQS_33
BB22,33,IOB_X1Y7,RIOB18_X312Y8,IO_L21N_T3_DQS_33
AY24,33,IOB_X1Y6,RIOB18_X312Y6,IO_L22P_T3_33
BA24,33,IOB_X1Y5,RIOB18_X312Y6,IO_L22N_T3_33
BA21,33,IOB_X1Y4,RIOB18_X312Y4,IO_L23P_T3_33
BB21,33,IOB_X1Y3,RIOB18_X312Y4,IO_L23N_T3_33
BB24,33,IOB_X1Y2,RIOB18_X312Y2,IO_L24P_T3_33
BB23,33,IOB_X1Y1,RIOB18_X312Y2,IO_L24N_T3_33
AN20,33,IOB_X1Y0,RIOB18_SING_X312Y1,IO_25_VRP_33
R29,34,IOB_X1Y99,RIOB18_SING_X312Y103,IO_0_VRN_34
K35,34,IOB_X1Y98,RIOB18_X312Y101,IO_L1P_T0_34
J35,34,IOB_X1Y97,RIOB18_X312Y101,IO_L1N_T0_34
J32,34,IOB_X1Y96,RIOB18_X312Y99,IO_L2P_T0_34
J33,34,IOB_X1Y95,RIOB18_X312Y99,IO_L2N_T0_34
K33,34,IOB_X1Y94,RIOB18_X312Y97,IO_L3P_T0_DQS_34
K34,34,IOB_X1Y93,RIOB18_X312Y97,IO_L3N_T0_DQS_34
L34,34,IOB_X1Y92,RIOB18_X312Y95,IO_L4P_T0_34
L35,34,IOB_X1Y91,RIOB18_X312Y95,IO_L4N_T0_34
M33,34,IOB_X1Y90,RIOB18_X312Y93,IO_L5P_T0_34
M34,34,IOB_X1Y89,RIOB18_X312Y93,IO_L5N_T0_34
H34,34,IOB_X1Y88,RIOB18_X312Y91,IO_L6P_T0_34
H35,34,IOB_X1Y87,RIOB18_X312Y91,IO_L6N_T0_VREF_34
K29,34,IOB_X1Y86,RIOB18_X312Y89,IO_L7P_T1_34
K30,34,IOB_X1Y85,RIOB18_X312Y89,IO_L7N_T1_34
J30,34,IOB_X1Y84,RIOB18_X312Y87,IO_L8P_T1_34
H30,34,IOB_X1Y83,RIOB18_X312Y87,IO_L8N_T1_34
L29,34,IOB_X1Y82,RIOB18_X312Y85,IO_L9P_T1_DQS_34
L30,34,IOB_X1Y81,RIOB18_X312Y85,IO_L9N_T1_DQS_34
J31,34,IOB_X1Y80,RIOB18_X312Y83,IO_L10P_T1_34
H31,34,IOB_X1Y79,RIOB18_X312Y83,IO_L10N_T1_34
M32,34,IOB_X1Y78,RIOB18_X312Y81,IO_L11P_T1_SRCC_34
L32,34,IOB_X1Y77,RIOB18_X312Y81,IO_L11N_T1_SRCC_34
L31,34,IOB_X1Y76,RIOB18_X312Y79,IO_L12P_T1_MRCC_34
K32,34,IOB_X1Y75,RIOB18_X312Y79,IO_L12N_T1_MRCC_34
N30,34,IOB_X1Y74,RIOB18_X312Y76,IO_L13P_T2_MRCC_34
M31,34,IOB_X1Y73,RIOB18_X312Y76,IO_L13N_T2_MRCC_34
P30,34,IOB_X1Y72,RIOB18_X312Y74,IO_L14P_T2_SRCC_34
N31,34,IOB_X1Y71,RIOB18_X312Y74,IO_L14N_T2_SRCC_34
M28,34,IOB_X1Y70,RIOB18_X312Y72,IO_L15P_T2_DQS_34
M29,34,IOB_X1Y69,RIOB18_X312Y72,IO_L15N_T2_DQS_34
R28,34,IOB_X1Y68,RIOB18_X312Y70,IO_L16P_T2_34
P28,34,IOB_X1Y67,RIOB18_X312Y70,IO_L16N_T2_34
N28,34,IOB_X1Y66,RIOB18_X312Y68,IO_L17P_T2_34
N29,34,IOB_X1Y65,RIOB18_X312Y68,IO_L17N_T2_34
R30,34,IOB_X1Y64,RIOB18_X312Y66,IO_L18P_T2_34
P31,34,IOB_X1Y63,RIOB18_X312Y66,IO_L18N_T2_34
U31,34,IOB_X1Y62,RIOB18_X312Y64,IO_L19P_T3_34
T31,34,IOB_X1Y61,RIOB18_X312Y64,IO_L19N_T3_VREF_34
V30,34,IOB_X1Y60,RIOB18_X312Y62,IO_L20P_T3_34
V31,34,IOB_X1Y59,RIOB18_X312Y62,IO_L20N_T3_34
T29,34,IOB_X1Y58,RIOB18_X312Y60,IO_L21P_T3_DQS_34
T30,34,IOB_X1Y57,RIOB18_X312Y60,IO_L21N_T3_DQS_34
W30,34,IOB_X1Y56,RIOB18_X312Y58,IO_L22P_T3_34
W31,34,IOB_X1Y55,RIOB18_X312Y58,IO_L22N_T3_34
V29,34,IOB_X1Y54,RIOB18_X312Y56,IO_L23P_T3_34
U29,34,IOB_X1Y53,RIOB18_X312Y56,IO_L23N_T3_34
Y29,34,IOB_X1Y52,RIOB18_X312Y54,IO_L24P_T3_34
Y30,34,IOB_X1Y51,RIOB18_X312Y54,IO_L24N_T3_34
U28,34,IOB_X1Y50,RIOB18_SING_X312Y53,IO_25_VRP_34
G31,35,IOB_X1Y149,RIOB18_SING_X312Y155,IO_0_VRN_35
B36,35,IOB_X1Y148,RIOB18_X312Y153,IO_L1P_T0_AD4P_35
A37,35,IOB_X1Y147,RIOB18_X312Y153,IO_L1N_T0_AD4N_35
B34,35,IOB_X1Y146,RIOB18_X312Y151,IO_L2P_T0_AD12P_35
A34,35,IOB_X1Y145,RIOB18_X312Y151,IO_L2N_T0_AD12N_35
B39,35,IOB_X1Y144,RIOB18_X312Y149,IO_L3P_T0_DQS_AD5P_35
A39,35,IOB_X1Y143,RIOB18_X312Y149,IO_L3N_T0_DQS_AD5N_35
A35,35,IOB_X1Y142,RIOB18_X312Y147,IO_L4P_T0_35
A36,35,IOB_X1Y141,RIOB18_X312Y147,IO_L4N_T0_35
C38,35,IOB_X1Y140,RIOB18_X312Y145,IO_L5P_T0_AD13P_35
C39,35,IOB_X1Y139,RIOB18_X312Y145,IO_L5N_T0_AD13N_35
B37,35,IOB_X1Y138,RIOB18_X312Y143,IO_L6P_T0_35
B38,35,IOB_X1Y137,RIOB18_X312Y143,IO_L6N_T0_VREF_35
E32,35,IOB_X1Y136,RIOB18_X312Y141,IO_L7P_T1_AD6P_35
D32,35,IOB_X1Y135,RIOB18_X312Y141,IO_L7N_T1_AD6N_35
B32,35,IOB_X1Y134,RIOB18_X312Y139,IO_L8P_T1_AD14P_35
B33,35,IOB_X1Y133,RIOB18_X312Y139,IO_L8N_T1_AD14N_35
E33,35,IOB_X1Y132,RIOB18_X312Y137,IO_L9P_T1_DQS_AD7P_35
D33,35,IOB_X1Y131,RIOB18_X312Y137,IO_L9N_T1_DQS_AD7N_35
C33,35,IOB_X1Y130,RIOB18_X312Y135,IO_L10P_T1_AD15P_35
C34,35,IOB_X1Y129,RIOB18_X312Y135,IO_L10N_T1_AD15N_35
D35,35,IOB_X1Y128,RIOB18_X312Y133,IO_L11P_T1_SRCC_35
D36,35,IOB_X1Y127,RIOB18_X312Y133,IO_L11N_T1_SRCC_35
C35,35,IOB_X1Y126,RIOB18_X312Y131,IO_L12P_T1_MRCC_35
C36,35,IOB_X1Y125,RIOB18_X312Y131,IO_L12N_T1_MRCC_35
E34,35,IOB_X1Y124,RIOB18_X312Y128,IO_L13P_T2_MRCC_35
E35,35,IOB_X1Y123,RIOB18_X312Y128,IO_L13N_T2_MRCC_35
D37,35,IOB_X1Y122,RIOB18_X312Y126,IO_L14P_T2_SRCC_35
D38,35,IOB_X1Y121,RIOB18_X312Y126,IO_L14N_T2_SRCC_35
G32,35,IOB_X1Y120,RIOB18_X312Y124,IO_L15P_T2_DQS_35
F32,35,IOB_X1Y119,RIOB18_X312Y124,IO_L15N_T2_DQS_35
F36,35,IOB_X1Y118,RIOB18_X312Y122,IO_L16P_T2_35
F37,35,IOB_X1Y117,RIOB18_X312Y122,IO_L16N_T2_35
F34,35,IOB_X1Y116,RIOB18_X312Y120,IO_L17P_T2_35
F35,35,IOB_X1Y115,RIOB18_X312Y120,IO_L17N_T2_35
H33,35,IOB_X1Y114,RIOB18_X312Y118,IO_L18P_T2_35
G33,35,IOB_X1Y113,RIOB18_X312Y118,IO_L18N_T2_35
E37,35,IOB_X1Y112,RIOB18_X312Y116,IO_L19P_T3_35
E38,35,IOB_X1Y111,RIOB18_X312Y116,IO_L19N_T3_VREF_35
G36,35,IOB_X1Y110,RIOB18_X312Y114,IO_L20P_T3_35
G37,35,IOB_X1Y109,RIOB18_X312Y114,IO_L20N_T3_35
F39,35,IOB_X1Y108,RIOB18_X312Y112,IO_L21P_T3_DQS_35
E39,35,IOB_X1Y107,RIOB18_X312Y112,IO_L21N_T3_DQS_35
J37,35,IOB_X1Y106,RIOB18_X312Y110,IO_L22P_T3_35
J38,35,IOB_X1Y105,RIOB18_X312Y110,IO_L22N_T3_35
H38,35,IOB_X1Y104,RIOB18_X312Y108,IO_L23P_T3_35
G38,35,IOB_X1Y103,RIOB18_X312Y108,IO_L23N_T3_35
J36,35,IOB_X1Y102,RIOB18_X312Y106,IO_L24P_T3_35
H36,35,IOB_X1Y101,RIOB18_X312Y106,IO_L24N_T3_35
G34,35,IOB_X1Y100,RIOB18_SING_X312Y105,IO_25_VRP_35
M23,36,IOB_X1Y199,RIOB18_SING_X312Y207,IO_0_VRN_36
H24,36,IOB_X1Y198,RIOB18_X312Y205,IO_L1P_T0_36
G24,36,IOB_X1Y197,RIOB18_X312Y205,IO_L1N_T0_36
J21,36,IOB_X1Y196,RIOB18_X312Y203,IO_L2P_T0_36
H21,36,IOB_X1Y195,RIOB18_X312Y203,IO_L2N_T0_36
H25,36,IOB_X1Y194,RIOB18_X312Y201,IO_L3P_T0_DQS_36
H26,36,IOB_X1Y193,RIOB18_X312Y201,IO_L3N_T0_DQS_36
G21,36,IOB_X1Y192,RIOB18_X312Y199,IO_L4P_T0_36
G22,36,IOB_X1Y191,RIOB18_X312Y199,IO_L4N_T0_36
G26,36,IOB_X1Y190,RIOB18_X312Y197,IO_L5P_T0_36
G27,36,IOB_X1Y189,RIOB18_X312Y197,IO_L5N_T0_36
H23,36,IOB_X1Y188,RIOB18_X312Y195,IO_L6P_T0_36
G23,36,IOB_X1Y187,RIOB18_X312Y195,IO_L6N_T0_VREF_36
G28,36,IOB_X1Y186,RIOB18_X312Y193,IO_L7P_T1_36
G29,36,IOB_X1Y185,RIOB18_X312Y193,IO_L7N_T1_36
K28,36,IOB_X1Y184,RIOB18_X312Y191,IO_L8P_T1_36
J28,36,IOB_X1Y183,RIOB18_X312Y191,IO_L8N_T1_36
H28,36,IOB_X1Y182,RIOB18_X312Y189,IO_L9P_T1_DQS_36
H29,36,IOB_X1Y181,RIOB18_X312Y189,IO_L9N_T1_DQS_36
K27,36,IOB_X1Y180,RIOB18_X312Y187,IO_L10P_T1_36
J27,36,IOB_X1Y179,RIOB18_X312Y187,IO_L10N_T1_36
K24,36,IOB_X1Y178,RIOB18_X312Y185,IO_L11P_T1_SRCC_36
K25,36,IOB_X1Y177,RIOB18_X312Y185,IO_L11N_T1_SRCC_36
J25,36,IOB_X1Y176,RIOB18_X312Y183,IO_L12P_T1_MRCC_36
J26,36,IOB_X1Y175,RIOB18_X312Y183,IO_L12N_T1_MRCC_36
M24,36,IOB_X1Y174,RIOB18_X312Y180,IO_L13P_T2_MRCC_36
L24,36,IOB_X1Y173,RIOB18_X312Y180,IO_L13N_T2_MRCC_36
K23,36,IOB_X1Y172,RIOB18_X312Y178,IO_L14P_T2_SRCC_36
J23,36,IOB_X1Y171,RIOB18_X312Y178,IO_L14N_T2_SRCC_36
M22,36,IOB_X1Y170,RIOB18_X312Y176,IO_L15P_T2_DQS_36
L22,36,IOB_X1Y169,RIOB18_X312Y176,IO_L15N_T2_DQS_36
L25,36,IOB_X1Y168,RIOB18_X312Y174,IO_L16P_T2_36
L26,36,IOB_X1Y167,RIOB18_X312Y174,IO_L16N_T2_36
K22,36,IOB_X1Y166,RIOB18_X312Y172,IO_L17P_T2_36
J22,36,IOB_X1Y165,RIOB18_X312Y172,IO_L17N_T2_36
M21,36,IOB_X1Y164,RIOB18_X312Y170,IO_L18P_T2_36
L21,36,IOB_X1Y163,RIOB18_X312Y170,IO_L18N_T2_36
P21,36,IOB_X1Y162,RIOB18_X312Y168,IO_L19P_T3_36
N21,36,IOB_X1Y161,RIOB18_X312Y168,IO_L19N_T3_VREF_36
P25,36,IOB_X1Y160,RIOB18_X312Y166,IO_L20P_T3_36
P26,36,IOB_X1Y159,RIOB18_X312Y166,IO_L20N_T3_36
P22,36,IOB_X1Y158,RIOB18_X312Y164,IO_L21P_T3_DQS_36
P23,36,IOB_X1Y157,RIOB18_X312Y164,IO_L21N_T3_DQS_36
N25,36,IOB_X1Y156,RIOB18_X312Y162,IO_L22P_T3_36
N26,36,IOB_X1Y155,RIOB18_X312Y162,IO_L22N_T3_36
N23,36,IOB_X1Y154,RIOB18_X312Y160,IO_L23P_T3_36
N24,36,IOB_X1Y153,RIOB18_X312Y160,IO_L23N_T3_36
M27,36,IOB_X1Y152,RIOB18_X312Y158,IO_L24P_T3_36
L27,36,IOB_X1Y151,RIOB18_X312Y158,IO_L24N_T3_36
M26,36,IOB_X1Y150,RIOB18_SING_X312Y157,IO_25_VRP_36
F21,37,IOB_X1Y249,RIOB18_SING_X312Y259,IO_0_VRN_37
A24,37,IOB_X1Y248,RIOB18_X312Y257,IO_L1P_T0_37
A25,37,IOB_X1Y247,RIOB18_X312Y257,IO_L1N_T0_37
B22,37,IOB_X1Y246,RIOB18_X312Y255,IO_L2P_T0_37
A22,37,IOB_X1Y245,RIOB18_X312Y255,IO_L2N_T0_37
A26,37,IOB_X1Y244,RIOB18_X312Y253,IO_L3P_T0_DQS_37
A27,37,IOB_X1Y243,RIOB18_X312Y253,IO_L3N_T0_DQS_37
C23,37,IOB_X1Y242,RIOB18_X312Y251,IO_L4P_T0_37
B23,37,IOB_X1Y241,RIOB18_X312Y251,IO_L4N_T0_37
B26,37,IOB_X1Y240,RIOB18_X312Y249,IO_L5P_T0_37
B27,37,IOB_X1Y239,RIOB18_X312Y249,IO_L5N_T0_37
C24,37,IOB_X1Y238,RIOB18_X312Y247,IO_L6P_T0_37
B24,37,IOB_X1Y237,RIOB18_X312Y247,IO_L6N_T0_VREF_37
E23,37,IOB_X1Y236,RIOB18_X312Y245,IO_L7P_T1_37
E24,37,IOB_X1Y235,RIOB18_X312Y245,IO_L7N_T1_37
F22,37,IOB_X1Y234,RIOB18_X312Y243,IO_L8P_T1_37
E22,37,IOB_X1Y233,RIOB18_X312Y243,IO_L8N_T1_37
F25,37,IOB_X1Y232,RIOB18_X312Y241,IO_L9P_T1_DQS_37
E25,37,IOB_X1Y231,RIOB18_X312Y241,IO_L9N_T1_DQS_37
D22,37,IOB_X1Y230,RIOB18_X312Y239,IO_L10P_T1_37
D23,37,IOB_X1Y229,RIOB18_X312Y239,IO_L10N_T1_37
D25,37,IOB_X1Y228,RIOB18_X312Y237,IO_L11P_T1_SRCC_37
D26,37,IOB_X1Y227,RIOB18_X312Y237,IO_L11N_T1_SRCC_37
C25,37,IOB_X1Y226,RIOB18_X312Y235,IO_L12P_T1_MRCC_37
C26,37,IOB_X1Y225,RIOB18_X312Y235,IO_L12N_T1_MRCC_37
D27,37,IOB_X1Y224,RIOB18_X312Y232,IO_L13P_T2_MRCC_37
D28,37,IOB_X1Y223,RIOB18_X312Y232,IO_L13N_T2_MRCC_37
C28,37,IOB_X1Y222,RIOB18_X312Y230,IO_L14P_T2_SRCC_37
C29,37,IOB_X1Y221,RIOB18_X312Y230,IO_L14N_T2_SRCC_37
B28,37,IOB_X1Y220,RIOB18_X312Y228,IO_L15P_T2_DQS_37
B29,37,IOB_X1Y219,RIOB18_X312Y228,IO_L15N_T2_DQS_37
A31,37,IOB_X1Y218,RIOB18_X312Y226,IO_L16P_T2_37
A32,37,IOB_X1Y217,RIOB18_X312Y226,IO_L16N_T2_37
A29,37,IOB_X1Y216,RIOB18_X312Y224,IO_L17P_T2_37
A30,37,IOB_X1Y215,RIOB18_X312Y224,IO_L17N_T2_37
C31,37,IOB_X1Y214,RIOB18_X312Y222,IO_L18P_T2_37
B31,37,IOB_X1Y213,RIOB18_X312Y222,IO_L18N_T2_37
E30,37,IOB_X1Y212,RIOB18_X312Y220,IO_L19P_T3_37
D31,37,IOB_X1Y211,RIOB18_X312Y220,IO_L19N_T3_VREF_37
D30,37,IOB_X1Y210,RIOB18_X312Y218,IO_L20P_T3_37
C30,37,IOB_X1Y209,RIOB18_X312Y218,IO_L20N_T3_37
E27,37,IOB_X1Y208,RIOB18_X312Y216,IO_L21P_T3_DQS_37
E28,37,IOB_X1Y207,RIOB18_X312Y216,IO_L21N_T3_DQS_37
F29,37,IOB_X1Y206,RIOB18_X312Y214,IO_L22P_T3_37
E29,37,IOB_X1Y205,RIOB18_X312Y214,IO_L22N_T3_37
F26,37,IOB_X1Y204,RIOB18_X312Y212,IO_L23P_T3_37
F27,37,IOB_X1Y203,RIOB18_X312Y212,IO_L23N_T3_37
F30,37,IOB_X1Y202,RIOB18_X312Y210,IO_L24P_T3_37
F31,37,IOB_X1Y201,RIOB18_X312Y210,IO_L24N_T3_37
F24,37,IOB_X1Y200,RIOB18_SING_X312Y209,IO_25_VRP_37
K18,38,IOB_X1Y299,RIOB18_SING_X312Y311,IO_0_VRN_38
C19,38,IOB_X1Y298,RIOB18_X312Y309,IO_L1P_T0_38
B19,38,IOB_X1Y297,RIOB18_X312Y309,IO_L1N_T0_38
A16,38,IOB_X1Y296,RIOB18_X312Y307,IO_L2P_T0_38
A15,38,IOB_X1Y295,RIOB18_X312Y307,IO_L2N_T0_38
A20,38,IOB_X1Y294,RIOB18_X312Y305,IO_L3P_T0_DQS_38
A19,38,IOB_X1Y293,RIOB18_X312Y305,IO_L3N_T0_DQS_38
B17,38,IOB_X1Y292,RIOB18_X312Y303,IO_L4P_T0_38
A17,38,IOB_X1Y291,RIOB18_X312Y303,IO_L4N_T0_38
B21,38,IOB_X1Y290,RIOB18_X312Y301,IO_L5P_T0_38
A21,38,IOB_X1Y289,RIOB18_X312Y301,IO_L5N_T0_38
C18,38,IOB_X1Y288,RIOB18_X312Y299,IO_L6P_T0_38
B18,38,IOB_X1Y287,RIOB18_X312Y299,IO_L6N_T0_VREF_38
D20,38,IOB_X1Y286,RIOB18_X312Y297,IO_L7P_T1_38
C20,38,IOB_X1Y285,RIOB18_X312Y297,IO_L7N_T1_38
F17,38,IOB_X1Y284,RIOB18_X312Y295,IO_L8P_T1_38
E17,38,IOB_X1Y283,RIOB18_X312Y295,IO_L8N_T1_38
D21,38,IOB_X1Y282,RIOB18_X312Y293,IO_L9P_T1_DQS_38
C21,38,IOB_X1Y281,RIOB18_X312Y293,IO_L9N_T1_DQS_38
D18,38,IOB_X1Y280,RIOB18_X312Y291,IO_L10P_T1_38
D17,38,IOB_X1Y279,RIOB18_X312Y291,IO_L10N_T1_38
G19,38,IOB_X1Y278,RIOB18_X312Y289,IO_L11P_T1_SRCC_38
F19,38,IOB_X1Y277,RIOB18_X312Y289,IO_L11N_T1_SRCC_38
E19,38,IOB_X1Y276,RIOB18_X312Y287,IO_L12P_T1_MRCC_38
E18,38,IOB_X1Y275,RIOB18_X312Y287,IO_L12N_T1_MRCC_38
H19,38,IOB_X1Y274,RIOB18_X312Y284,IO_L13P_T2_MRCC_38
G18,38,IOB_X1Y273,RIOB18_X312Y284,IO_L13N_T2_MRCC_38
K19,38,IOB_X1Y272,RIOB18_X312Y282,IO_L14P_T2_SRCC_38
J18,38,IOB_X1Y271,RIOB18_X312Y282,IO_L14N_T2_SRCC_38
F20,38,IOB_X1Y270,RIOB18_X312Y280,IO_L15P_T2_DQS_38
E20,38,IOB_X1Y269,RIOB18_X312Y280,IO_L15N_T2_DQS_38
K17,38,IOB_X1Y268,RIOB18_X312Y278,IO_L16P_T2_38
J17,38,IOB_X1Y267,RIOB18_X312Y278,IO_L16N_T2_38
J20,38,IOB_X1Y266,RIOB18_X312Y276,IO_L17P_T2_38
H20,38,IOB_X1Y265,RIOB18_X312Y276,IO_L17N_T2_38
H18,38,IOB_X1Y264,RIOB18_X312Y274,IO_L18P_T2_38
G17,38,IOB_X1Y263,RIOB18_X312Y274,IO_L18N_T2_38
P18,38,IOB_X1Y262,RIOB18_X312Y272,IO_L19P_T3_38
P17,38,IOB_X1Y261,RIOB18_X312Y272,IO_L19N_T3_VREF_38
M17,38,IOB_X1Y260,RIOB18_X312Y270,IO_L20P_T3_38
L17,38,IOB_X1Y259,RIOB18_X312Y270,IO_L20N_T3_38
N19,38,IOB_X1Y258,RIOB18_X312Y268,IO_L21P_T3_DQS_38
N18,38,IOB_X1Y257,RIOB18_X312Y268,IO_L21N_T3_DQS_38
M19,38,IOB_X1Y256,RIOB18_X312Y266,IO_L22P_T3_38
M18,38,IOB_X1Y255,RIOB18_X312Y266,IO_L22N_T3_38
P20,38,IOB_X1Y254,RIOB18_X312Y264,IO_L23P_T3_38
N20,38,IOB_X1Y253,RIOB18_X312Y264,IO_L23N_T3_38
L20,38,IOB_X1Y252,RIOB18_X312Y262,IO_L24P_T3_38
L19,38,IOB_X1Y251,RIOB18_X312Y262,IO_L24N_T3_38
K20,38,IOB_X1Y250,RIOB18_SING_X312Y261,IO_25_VRP_38
J16,39,IOB_X1Y349,RIOB18_SING_X312Y363,IO_0_VRN_39
C16,39,IOB_X1Y348,RIOB18_X312Y361,IO_L1P_T0_39
B16,39,IOB_X1Y347,RIOB18_X312Y361,IO_L1N_T0_39
B14,39,IOB_X1Y346,RIOB18_X312Y359,IO_L2P_T0_39
A14,39,IOB_X1Y345,RIOB18_X312Y359,IO_L2N_T0_39
C15,39,IOB_X1Y344,RIOB18_X312Y357,IO_L3P_T0_DQS_39
C14,39,IOB_X1Y343,RIOB18_X312Y357,IO_L3N_T0_DQS_39
D13,39,IOB_X1Y342,RIOB18_X312Y355,IO_L4P_T0_39
C13,39,IOB_X1Y341,RIOB18_X312Y355,IO_L4N_T0_39
D16,39,IOB_X1Y340,RIOB18_X312Y353,IO_L5P_T0_39
D15,39,IOB_X1Y339,RIOB18_X312Y353,IO_L5N_T0_39
E12,39,IOB_X1Y338,RIOB18_X312Y351,IO_L6P_T0_39
D12,39,IOB_X1Y337,RIOB18_X312Y351,IO_L6N_T0_VREF_39
F16,39,IOB_X1Y336,RIOB18_X312Y349,IO_L7P_T1_39
E15,39,IOB_X1Y335,RIOB18_X312Y349,IO_L7N_T1_39
E14,39,IOB_X1Y334,RIOB18_X312Y347,IO_L8P_T1_39
E13,39,IOB_X1Y333,RIOB18_X312Y347,IO_L8N_T1_39
H16,39,IOB_X1Y332,RIOB18_X312Y345,IO_L9P_T1_DQS_39
G16,39,IOB_X1Y331,RIOB18_X312Y345,IO_L9N_T1_DQS_39
G12,39,IOB_X1Y330,RIOB18_X312Y343,IO_L10P_T1_39
F12,39,IOB_X1Y329,RIOB18_X312Y343,IO_L10N_T1_39
F15,39,IOB_X1Y328,RIOB18_X312Y341,IO_L11P_T1_SRCC_39
F14,39,IOB_X1Y327,RIOB18_X312Y341,IO_L11N_T1_SRCC_39
G14,39,IOB_X1Y326,RIOB18_X312Y339,IO_L12P_T1_MRCC_39
G13,39,IOB_X1Y325,RIOB18_X312Y339,IO_L12N_T1_MRCC_39
H15,39,IOB_X1Y324,RIOB18_X312Y336,IO_L13P_T2_MRCC_39
H14,39,IOB_X1Y323,RIOB18_X312Y336,IO_L13N_T2_MRCC_39
J13,39,IOB_X1Y322,RIOB18_X312Y334,IO_L14P_T2_SRCC_39
H13,39,IOB_X1Y321,RIOB18_X312Y334,IO_L14N_T2_SRCC_39
K12,39,IOB_X1Y320,RIOB18_X312Y332,IO_L15P_T2_DQS_39
J12,39,IOB_X1Y319,RIOB18_X312Y332,IO_L15N_T2_DQS_39
K15,39,IOB_X1Y318,RIOB18_X312Y330,IO_L16P_T2_39
J15,39,IOB_X1Y317,RIOB18_X312Y330,IO_L16N_T2_39
K14,39,IOB_X1Y316,RIOB18_X312Y328,IO_L17P_T2_39
K13,39,IOB_X1Y315,RIOB18_X312Y328,IO_L17N_T2_39
L16,39,IOB_X1Y314,RIOB18_X312Y326,IO_L18P_T2_39
L15,39,IOB_X1Y313,RIOB18_X312Y326,IO_L18N_T2_39
L12,39,IOB_X1Y312,RIOB18_X312Y324,IO_L19P_T3_39
L11,39,IOB_X1Y311,RIOB18_X312Y324,IO_L19N_T3_VREF_39
M14,39,IOB_X1Y310,RIOB18_X312Y322,IO_L20P_T3_39
L14,39,IOB_X1Y309,RIOB18_X312Y322,IO_L20N_T3_39
N16,39,IOB_X1Y308,RIOB18_X312Y320,IO_L21P_T3_DQS_39
M16,39,IOB_X1Y307,RIOB18_X312Y320,IO_L21N_T3_DQS_39
N13,39,IOB_X1Y306,RIOB18_X312Y318,IO_L22P_T3_39
M13,39,IOB_X1Y305,RIOB18_X312Y318,IO_L22N_T3_39
N15,39,IOB_X1Y304,RIOB18_X312Y316,IO_L23P_T3_39
N14,39,IOB_X1Y303,RIOB18_X312Y316,IO_L23N_T3_39
M12,39,IOB_X1Y302,RIOB18_X312Y314,IO_L24P_T3_39
M11,39,IOB_X1Y301,RIOB18_X312Y314,IO_L24N_T3_39
J11,39,IOB_X1Y300,RIOB18_SING_X312Y313,IO_25_VRP_39
AL2,113,OPAD_X1Y7,GTX_CHANNEL_3_X394Y46,MGTXTXP3_113
AJ6,113,IPAD_X2Y25,GTX_CHANNEL_3_X394Y46,MGTXRXP3_113
AL1,113,OPAD_X1Y6,GTX_CHANNEL_3_X394Y46,MGTXTXN3_113
AJ5,113,IPAD_X2Y24,GTX_CHANNEL_3_X394Y46,MGTXRXN3_113
AM4,113,OPAD_X1Y5,GTX_CHANNEL_2_X394Y35,MGTXTXP2_113
AL6,113,IPAD_X2Y19,GTX_CHANNEL_2_X394Y35,MGTXRXP2_113
AM3,113,OPAD_X1Y4,GTX_CHANNEL_2_X394Y35,MGTXTXN2_113
AH8,113,IPAD_X2Y8,GTX_COMMON_X394Y23,MGTREFCLK0P_113
AL5,113,IPAD_X2Y18,GTX_CHANNEL_2_X394Y35,MGTXRXN2_113
AH7,113,IPAD_X2Y9,GTX_COMMON_X394Y23,MGTREFCLK0N_113
AK7,113,IPAD_X2Y11,GTX_COMMON_X394Y23,MGTREFCLK1N_113
AK8,113,IPAD_X2Y10,GTX_COMMON_X394Y23,MGTREFCLK1P_113
AN2,113,OPAD_X1Y3,GTX_CHANNEL_1_X394Y17,MGTXTXP1_113
AM8,113,IPAD_X2Y7,GTX_CHANNEL_1_X394Y17,MGTXRXP1_113
AN1,113,OPAD_X1Y2,GTX_CHANNEL_1_X394Y17,MGTXTXN1_113
AM7,113,IPAD_X2Y6,GTX_CHANNEL_1_X394Y17,MGTXRXN1_113
AP4,113,OPAD_X1Y1,GTX_CHANNEL_0_X394Y6,MGTXTXP0_113
AN6,113,IPAD_X2Y1,GTX_CHANNEL_0_X394Y6,MGTXRXP0_113
AP3,113,OPAD_X1Y0,GTX_CHANNEL_0_X394Y6,MGTXTXN0_113
AN5,113,IPAD_X2Y0,GTX_CHANNEL_0_X394Y6,MGTXRXN0_113
AG2,114,OPAD_X1Y15,GTX_CHANNEL_3_X394Y98,MGTXTXP3_114
AD4,114,IPAD_X2Y55,GTX_CHANNEL_3_X394Y98,MGTXRXP3_114
AG1,114,OPAD_X1Y14,GTX_CHANNEL_3_X394Y98,MGTXTXN3_114
AD3,114,IPAD_X2Y54,GTX_CHANNEL_3_X394Y98,MGTXRXN3_114
AH4,114,OPAD_X1Y13,GTX_CHANNEL_2_X394Y87,MGTXTXP2_114
AE6,114,IPAD_X2Y49,GTX_CHANNEL_2_X394Y87,MGTXRXP2_114
AH3,114,OPAD_X1Y12,GTX_CHANNEL_2_X394Y87,MGTXTXN2_114
AD8,114,IPAD_X2Y38,GTX_COMMON_X394Y75,MGTREFCLK0P_114
AE5,114,IPAD_X2Y48,GTX_CHANNEL_2_X394Y87,MGTXRXN2_114
AD7,114,IPAD_X2Y39,GTX_COMMON_X394Y75,MGTREFCLK0N_114
AF7,114,IPAD_X2Y41,GTX_COMMON_X394Y75,MGTREFCLK1N_114
AF8,114,IPAD_X2Y40,GTX_COMMON_X394Y75,MGTREFCLK1P_114
AJ2,114,OPAD_X1Y11,GTX_CHANNEL_1_X394Y69,MGTXTXP1_114
AF4,114,IPAD_X2Y37,GTX_CHANNEL_1_X394Y69,MGTXRXP1_114
AJ1,114,OPAD_X1Y10,GTX_CHANNEL_1_X394Y69,MGTXTXN1_114
AF3,114,IPAD_X2Y36,GTX_CHANNEL_1_X394Y69,MGTXRXN1_114
AK4,114,OPAD_X1Y9,GTX_CHANNEL_0_X394Y58,MGTXTXP0_114
AG6,114,IPAD_X2Y31,GTX_CHANNEL_0_X394Y58,MGTXRXP0_114
AK3,114,OPAD_X1Y8,GTX_CHANNEL_0_X394Y58,MGTXTXN0_114
AG5,114,IPAD_X2Y30,GTX_CHANNEL_0_X394Y58,MGTXRXN0_114
W2,115,OPAD_X1Y23,GTX_CHANNEL_3_X394Y150,MGTXTXP3_115
Y4,115,IPAD_X2Y91,GTX_CHANNEL_3_X394Y150,MGTXRXP3_115
W1,115,OPAD_X1Y22,GTX_CHANNEL_3_X394Y150,MGTXTXN3_115
Y3,115,IPAD_X2Y90,GTX_CHANNEL_3_X394Y150,MGTXRXN3_115
AA2,115,OPAD_X1Y21,GTX_CHANNEL_2_X394Y139,MGTXTXP2_115
AA6,115,IPAD_X2Y85,GTX_CHANNEL_2_X394Y139,MGTXRXP2_115
AA1,115,OPAD_X1Y20,GTX_CHANNEL_2_X394Y139,MGTXTXN2_115
Y8,115,IPAD_X2Y68,GTX_COMMON_X394Y127,MGTREFCLK0P_115
AA5,115,IPAD_X2Y84,GTX_CHANNEL_2_X394Y139,MGTXRXN2_115
Y7,115,IPAD_X2Y69,GTX_COMMON_X394Y127,MGTREFCLK0N_115
AB7,115,IPAD_X2Y71,GTX_COMMON_X394Y127,MGTREFCLK1N_115
AB8,115,IPAD_X2Y70,GTX_COMMON_X394Y127,MGTREFCLK1P_115
AC2,115,OPAD_X1Y19,GTX_CHANNEL_1_X394Y121,MGTXTXP1_115
AB4,115,IPAD_X2Y67,GTX_CHANNEL_1_X394Y121,MGTXRXP1_115
AC1,115,OPAD_X1Y18,GTX_CHANNEL_1_X394Y121,MGTXTXN1_115
AB3,115,IPAD_X2Y66,GTX_CHANNEL_1_X394Y121,MGTXRXN1_115
AE2,115,OPAD_X1Y17,GTX_CHANNEL_0_X394Y110,MGTXTXP0_115
AC6,115,IPAD_X2Y61,GTX_CHANNEL_0_X394Y110,MGTXRXP0_115
AE1,115,OPAD_X1Y16,GTX_CHANNEL_0_X394Y110,MGTXTXN0_115
AC5,115,IPAD_X2Y60,GTX_CHANNEL_0_X394Y110,MGTXRXN0_115
P4,116,OPAD_X1Y31,GTX_CHANNEL_3_X394Y202,MGTXTXP3_116
R6,116,IPAD_X2Y121,GTX_CHANNEL_3_X394Y202,MGTXRXP3_116
P3,116,OPAD_X1Y30,GTX_CHANNEL_3_X394Y202,MGTXTXN3_116
R5,116,IPAD_X2Y120,GTX_CHANNEL_3_X394Y202,MGTXRXN3_116
R2,116,OPAD_X1Y29,GTX_CHANNEL_2_X394Y191,MGTXTXP2_116
U6,116,IPAD_X2Y115,GTX_CHANNEL_2_X394Y191,MGTXRXP2_116
R1,116,OPAD_X1Y28,GTX_CHANNEL_2_X394Y191,MGTXTXN2_116
T8,116,IPAD_X2Y104,GTX_COMMON_X394Y179,MGTREFCLK0P_116
U5,116,IPAD_X2Y114,GTX_CHANNEL_2_X394Y191,MGTXRXN2_116
T7,116,IPAD_X2Y105,GTX_COMMON_X394Y179,MGTREFCLK0N_116
V7,116,IPAD_X2Y107,GTX_COMMON_X394Y179,MGTREFCLK1N_116
V8,116,IPAD_X2Y106,GTX_COMMON_X394Y179,MGTREFCLK1P_116
T4,116,OPAD_X1Y27,GTX_CHANNEL_1_X394Y173,MGTXTXP1_116
V4,116,IPAD_X2Y103,GTX_CHANNEL_1_X394Y173,MGTXRXP1_116
T3,116,OPAD_X1Y26,GTX_CHANNEL_1_X394Y173,MGTXTXN1_116
V3,116,IPAD_X2Y102,GTX_CHANNEL_1_X394Y173,MGTXRXN1_116
U2,116,OPAD_X1Y25,GTX_CHANNEL_0_X394Y162,MGTXTXP0_116
W6,116,IPAD_X2Y97,GTX_CHANNEL_0_X394Y162,MGTXRXP0_116
U1,116,OPAD_X1Y24,GTX_CHANNEL_0_X394Y162,MGTXTXN0_116
W5,116,IPAD_X2Y96,GTX_CHANNEL_0_X394Y162,MGTXRXN0_116
K4,117,OPAD_X1Y39,GTX_CHANNEL_3_X394Y254,MGTXTXP3_117
J6,117,IPAD_X2Y151,GTX_CHANNEL_3_X394Y254,MGTXRXP3_117
K3,117,OPAD_X1Y38,GTX_CHANNEL_3_X394Y254,MGTXTXN3_117
J5,117,IPAD_X2Y150,GTX_CHANNEL_3_X394Y254,MGTXRXN3_117
L2,117,OPAD_X1Y37,GTX_CHANNEL_2_X394Y243,MGTXTXP2_117
L6,117,IPAD_X2Y145,GTX_CHANNEL_2_X394Y243,MGTXRXP2_117
L1,117,OPAD_X1Y36,GTX_CHANNEL_2_X394Y243,MGTXTXN2_117
K8,117,IPAD_X2Y134,GTX_COMMON_X394Y231,MGTREFCLK0P_117
L5,117,IPAD_X2Y144,GTX_CHANNEL_2_X394Y243,MGTXRXN2_117
K7,117,IPAD_X2Y135,GTX_COMMON_X394Y231,MGTREFCLK0N_117
M7,117,IPAD_X2Y137,GTX_COMMON_X394Y231,MGTREFCLK1N_117
M8,117,IPAD_X2Y136,GTX_COMMON_X394Y231,MGTREFCLK1P_117
M4,117,OPAD_X1Y35,GTX_CHANNEL_1_X394Y225,MGTXTXP1_117
N6,117,IPAD_X2Y133,GTX_CHANNEL_1_X394Y225,MGTXRXP1_117
M3,117,OPAD_X1Y34,GTX_CHANNEL_1_X394Y225,MGTXTXN1_117
N5,117,IPAD_X2Y132,GTX_CHANNEL_1_X394Y225,MGTXRXN1_117
N2,117,OPAD_X1Y33,GTX_CHANNEL_0_X394Y214,MGTXTXP0_117
P8,117,IPAD_X2Y127,GTX_CHANNEL_0_X394Y214,MGTXRXP0_117
N1,117,OPAD_X1Y32,GTX_CHANNEL_0_X394Y214,MGTXTXN0_117
P7,117,IPAD_X2Y126,GTX_CHANNEL_0_X394Y214,MGTXRXN0_117
F4,118,OPAD_X1Y47,GTX_CHANNEL_3_X394Y306,MGTXTXP3_118
E6,118,IPAD_X2Y181,GTX_CHANNEL_3_X394Y306,MGTXRXP3_118
F3,118,OPAD_X1Y46,GTX_CHANNEL_3_X394Y306,MGTXTXN3_118
E5,118,IPAD_X2Y180,GTX_CHANNEL_3_X394Y306,MGTXRXN3_118
G2,118,OPAD_X1Y45,GTX_CHANNEL_2_X394Y295,MGTXTXP2_118
F8,118,IPAD_X2Y175,GTX_CHANNEL_2_X394Y295,MGTXRXP2_118
G1,118,OPAD_X1Y44,GTX_CHANNEL_2_X394Y295,MGTXTXN2_118
E10,118,IPAD_X2Y164,GTX_COMMON_X394Y283,MGTREFCLK0P_118
F7,118,IPAD_X2Y174,GTX_CHANNEL_2_X394Y295,MGTXRXN2_118
E9,118,IPAD_X2Y165,GTX_COMMON_X394Y283,MGTREFCLK0N_118
G9,118,IPAD_X2Y167,GTX_COMMON_X394Y283,MGTREFCLK1N_118
G10,118,IPAD_X2Y166,GTX_COMMON_X394Y283,MGTREFCLK1P_118
H4,118,OPAD_X1Y43,GTX_CHANNEL_1_X394Y277,MGTXTXP1_118
G6,118,IPAD_X2Y163,GTX_CHANNEL_1_X394Y277,MGTXRXP1_118
H3,118,OPAD_X1Y42,GTX_CHANNEL_1_X394Y277,MGTXTXN1_118
G5,118,IPAD_X2Y162,GTX_CHANNEL_1_X394Y277,MGTXRXN1_118
J2,118,OPAD_X1Y41,GTX_CHANNEL_0_X394Y266,MGTXTXP0_118
H8,118,IPAD_X2Y157,GTX_CHANNEL_0_X394Y266,MGTXRXP0_118
J1,118,OPAD_X1Y40,GTX_CHANNEL_0_X394Y266,MGTXTXN0_118
H7,118,IPAD_X2Y156,GTX_CHANNEL_0_X394Y266,MGTXRXN0_118
B4,119,OPAD_X1Y55,GTX_CHANNEL_3_X394Y358,MGTXTXP3_119
A6,119,IPAD_X2Y211,GTX_CHANNEL_3_X394Y358,MGTXRXP3_119
B3,119,OPAD_X1Y54,GTX_CHANNEL_3_X394Y358,MGTXTXN3_119
A5,119,IPAD_X2Y210,GTX_CHANNEL_3_X394Y358,MGTXRXN3_119
C2,119,OPAD_X1Y53,GTX_CHANNEL_2_X394Y347,MGTXTXP2_119
B8,119,IPAD_X2Y205,GTX_CHANNEL_2_X394Y347,MGTXRXP2_119
C1,119,OPAD_X1Y52,GTX_CHANNEL_2_X394Y347,MGTXTXN2_119
A10,119,IPAD_X2Y194,GTX_COMMON_X394Y335,MGTREFCLK0P_119
B7,119,IPAD_X2Y204,GTX_CHANNEL_2_X394Y347,MGTXRXN2_119
A9,119,IPAD_X2Y195,GTX_COMMON_X394Y335,MGTREFCLK0N_119
C9,119,IPAD_X2Y197,GTX_COMMON_X394Y335,MGTREFCLK1N_119
C10,119,IPAD_X2Y196,GTX_COMMON_X394Y335,MGTREFCLK1P_119
D4,119,OPAD_X1Y51,GTX_CHANNEL_1_X394Y329,MGTXTXP1_119
C6,119,IPAD_X2Y193,GTX_CHANNEL_1_X394Y329,MGTXRXP1_119
D3,119,OPAD_X1Y50,GTX_CHANNEL_1_X394Y329,MGTXTXN1_119
C5,119,IPAD_X2Y192,GTX_CHANNEL_1_X394Y329,MGTXRXN1_119
E2,119,OPAD_X1Y49,GTX_CHANNEL_0_X394Y318,MGTXTXP0_119
D8,119,IPAD_X2Y187,GTX_CHANNEL_0_X394Y318,MGTXRXP0_119
E1,119,OPAD_X1Y48,GTX_CHANNEL_0_X394Y318,MGTXTXN0_119
D7,119,IPAD_X2Y186,GTX_CHANNEL_0_X394Y318,MGTXRXN0_119
